Av_Amp_min,Av_Amp_max,Av_Amp_pro,Ds_Pre_min,Ds_Pre_max,Ds_Pre_pro,Dr_Fre_min,Dr_Fre_max,Dr_Fre_pro,Int_Pre_min,Int_Pre_max,Int_Pre_pro,Int_Tmp_min,Int_Tmp_max,Int_Tmp_pro,Mo_Tmp_min,Mo_Tmp_max,Mo_Tmp_pro,Vib_min,Vib_max,Vib_pro,Pas_Cur_min,Pas_Cur_max,Pas_Cur_pro,Act_Cur_min,Act_Cur_max,Act_Cur_pro,Mot_Ld_min,Mot_Ld_max,Mot_Ld_pro,Zer_Cur_min,Zer_Cur_max,Zer_Cur_pro,Inp_Volt_min,Inp_Volt_max,Inp_Volt_pro,Out_vol_min,Out_vol_max,Out_vol_pro,VSD_min,VSD_max,VSD_pro,Time_Inic,Pozo,tipo_causa
18.823529411764707,19.0,18.996777414669573,4165.776470588236,4170.717647058824,4167.666682552651,49.9470588235294,50.0,49.97488596132897,253.97777777777787,272.9833333333333,255.46756025326795,230.96666666666667,231.3062500000001,231.2006337372912,263.2176470588236,263.8294117647059,263.6559612155047,0.1529411764705882,0.2999999999999999,0.22349423565722581,0.5050588235294118,0.524875,0.5117744644153958,0.4180000000000001,0.4240000000000001,0.42004149645969485,,,,18.99372222222221,19.01458823529412,19.00031378789942,464.0,472.0,467.45714285714286,,,,,,,2022-10-01 00:00:00+00:00,Well-45,NIN
19.0,19.0,19.0,4165.517647058823,4171.029411764705,4167.600078486317,49.952941176470574,50.0,49.97606258719375,253.90000000000003,254.85000000000005,254.41463348168216,231.12352941176465,231.30000000000007,231.22982342669042,263.58888888888885,263.8058823529412,263.7061957069621,0.1352941176470588,0.2999999999999999,0.21372095134350033,0.5055555555555555,0.5304705882352941,0.5144594205079692,0.4180000000000001,0.4270000000000002,0.42095623411401584,,,,18.99417647058824,19.0203125,19.003042288608913,452.0,472.0,461.72222222222223,,,,,,,2022-10-02 00:00:00+00:00,Well-45,NIN
18.94117647058824,19.0,18.999183006535947,4163.916666666667,4171.205555555556,4167.448598742738,49.952941176470574,50.0,49.978199777596224,251.9,256.27222222222224,255.11553025145247,231.1,231.30000000000007,231.2215817901235,263.4666666666667,263.8166666666668,263.63221348493096,0.1,0.2999999999999999,0.20923316085693536,0.5055000000000001,0.5337058823529413,0.5174403935185184,0.4189999999999998,0.4290000000000001,0.42198299064996364,,,,18.99572222222222,19.023277777777786,19.00603507965686,460.0,468.0,463.27777777777777,,,,,,,2022-10-03 00:00:00+00:00,Well-45,NIN
19.0,19.0,19.0,4163.952941176471,4168.273684210526,4166.6887304769625,49.95,49.99444444444444,49.97841017132974,251.8058823529412,256.70000000000005,253.96297968505144,231.1,231.30588235294124,231.22958268833852,263.44444444444446,263.75294117647053,263.6200702387436,0.15,0.2999999999999999,0.20966614350418528,0.5066666666666666,0.5362352941176471,0.5178694712595077,0.4189999999999997,0.43,0.42234931009440807,,,,18.994666666666667,19.02505882352941,19.006481571362706,456.0,468.0,461.19444444444446,,,,,,,2022-10-04 00:00:00+00:00,Well-45,NIN
18.94117647058824,19.0,18.999183006535947,4166.852941176471,4168.155555555556,4167.544724945534,49.9470588235294,49.99411764705882,49.97710160221496,254.23888888888888,255.38888888888889,254.88252167302107,231.1,231.30000000000007,231.2416859567901,263.40588235294115,263.7529411764706,263.595142519971,0.2,0.2999999999999999,0.22071191902686998,0.5056666666666667,0.5386111111111112,0.5188519766702977,0.4180000000000001,0.4320000000000001,0.42287247526325344,,,,18.99366666666668,19.028529411764698,19.0073130957244,456.0,464.0,459.1111111111111,,,,,,,2022-10-05 00:00:00+00:00,Well-45,NIN
18.94117647058824,19.0,18.997594408133622,4164.376470588236,4168.505882352942,4166.987075957698,49.952941176470574,49.99411764705882,49.973820692628905,254.32941176470592,255.90000000000003,255.35725059005077,231.1,231.30000000000007,231.21822258533044,263.38235294117646,263.7176470588236,263.55720202432826,0.1,0.2999999999999999,0.2147490014524328,0.5048235294117647,0.5382941176470588,0.5185374148965142,0.4189999999999998,0.431,0.42276779230210604,,,,18.99282352941177,19.02829411764705,19.00718046364379,456.0,464.0,460.02777777777777,,,,,,,2022-10-06 00:00:00+00:00,Well-45,NIN
18.94117647058824,19.0,18.999183006535947,4167.182352941177,4171.664705882353,4169.038907044299,49.95,49.99444444444444,49.9775604802106,254.1777777777777,257.54705882352937,256.6049876316267,231.0882352941176,231.30000000000007,231.20406681190994,263.37777777777785,263.635294117647,263.51588711873643,0.1117647058823529,0.2764705882352941,0.20276018972403773,0.5045882352941176,0.5168823529411766,0.5096264240649964,0.4180000000000001,0.4219999999999999,0.4195994632806826,,,,18.992588235294114,19.00500000000001,18.998155103939727,464.0,476.0,469.02777777777777,,,,,,,2022-10-07 00:00:00+00:00,Well-45,NIN
18.94117647058824,19.0,18.996777414669573,4167.658823529411,4170.747058823529,4168.821683800835,49.95,49.99411764705882,49.97798089143065,254.229411764706,261.41176470588243,257.92916269517065,231.1,231.30000000000007,231.1919401325345,263.2625000000001,263.6058823529412,263.42733070079885,0.1,0.2999999999999999,0.20112393336964413,0.5064375,0.5185294117647059,0.5097906510984023,0.4189999999999998,0.4219999999999999,0.4194896627632533,,,,18.9944375,19.00770588235294,18.99842249909223,460.0,468.0,464.3888888888889,,,,,,,2022-10-08 00:00:00+00:00,Well-45,NIN
18.94117647058824,19.0,18.998366013071898,4167.335294117647,4168.835294117648,4168.090760030865,49.952941176470574,49.99444444444444,49.97814882897604,259.1764705882352,260.21666666666664,259.7564956653958,231.1,231.30000000000007,231.1889694535222,263.17058823529413,263.4888888888888,263.3299870642702,0.2,0.2999999999999999,0.2227192265795207,0.504470588235294,0.5401666666666666,0.5154092229484388,0.4180000000000001,0.4329999999999999,0.4215378937454612,,,,18.992777777777786,19.02816666666667,19.00379136029412,456.0,468.0,461.44444444444446,,,,,,,2022-10-09 00:00:00+00:00,Well-45,NIN
19.0,19.0,19.0,4164.255555555556,4168.858823529412,4166.634996936275,49.94117647058823,50.0,49.97602407861294,257.0222222222222,259.99411764705883,258.5679280137981,231.1,231.28823529411773,231.1795147966594,263.1333333333334,263.5,263.3001942628904,0.1722222222222222,0.2999999999999999,0.2146179420842411,0.5062941176470588,0.5298888888888889,0.5135606810548293,0.4189999999999998,0.4260000000000001,0.4209004175744371,,,,18.99429411764706,19.01788888888889,19.00222466412491,456.0,464.0,458.3888888888889,,,,,,,2022-10-10 00:00:00+00:00,Well-45,NIN
18.94117647058824,19.0,18.997594408133622,4166.077777777778,4171.84705882353,4168.44220735748,49.95,49.99444444444444,49.974846813725485,256.170588235294,258.41764705882355,257.37809322803196,231.1,231.27777777777783,231.17724219317356,263.1333333333334,263.4111111111112,263.2555532861293,0.1555555555555555,0.2999999999999999,0.20524748093681916,0.504529411764706,0.533625,0.5150084309186638,0.4189999999999998,0.4290000000000001,0.42151127904865643,,,,18.99417647058824,19.0235,19.003581018518517,448.0,460.0,456.8888888888889,,,,,,,2022-10-11 00:00:00+00:00,Well-45,NIN
18.94117647058824,19.0,18.995234204793025,4142.917647058824,4167.205882352941,4158.372756104756,49.9470588235294,50.0,49.97883759985476,247.4882352941177,257.4111111111111,253.8252365876906,231.0882352941176,231.30000000000007,231.17789238380536,263.075,263.4777777777778,263.2627655228759,0.1444444444444444,0.2823529411764705,0.20237949346405226,0.504294117647059,0.5353529411764706,0.515662366103849,0.4189999999999998,0.43,0.42193156545025406,,,,18.99264705882353,19.024666666666665,19.004299689088597,448.0,460.0,454.6222222222222,,,,,,,2022-10-12 00:00:00+00:00,Well-45,NIN
17.0,20.0,18.619105165214236,4037.329411764706,4280.588235294117,4149.982078907952,49.95882352941175,50.0,49.978182303013796,247.03125,647.6111111111112,468.3522404911039,230.15294117647045,231.3941176470589,230.5999977305737,260.9764705882353,264.9588235294118,263.2163954702252,0.1,0.2999999999999999,0.2102311410675381,0.5069411764705882,0.540611111111111,0.519096473311547,0.4180000000000001,0.4320000000000001,0.42251283360566444,,,,18.99488235294117,19.02888235294117,19.007714937363833,452.0,468.0,457.1833333333333,,,,,,,2022-10-13 00:00:00+00:00,Well-45,NIN
19.0,19.0,19.0,4148.005555555556,4176.982352941176,4158.799126724764,49.9470588235294,49.99444444444444,49.97748025599129,294.5352941176472,467.9117647058823,360.4230327478213,230.67647058823528,231.0529411764705,230.8737559005084,263.5,263.8705882352942,263.67618203068264,0.1,0.2999999999999999,0.20256899055918665,0.5072352941176471,0.5313888888888889,0.5175731969408134,0.4189999999999998,0.4270000000000002,0.4221305600944081,,,,18.996333333333336,19.019388888888887,19.006138482661584,452.0,464.0,456.69444444444446,,,,,,,2022-10-14 00:00:00+00:00,Well-45,NIN
19.0,19.0,19.0,4159.994117647058,4172.029411764705,4165.439067606209,49.952941176470574,50.0,49.97677242193174,258.4777777777778,293.5058823529412,271.25474877450984,230.87777777777785,231.12352941176468,230.9896309912854,263.5444444444445,263.7611111111111,263.65927457788666,0.1176470588235294,0.2999999999999999,0.20204872458242554,0.5053888888888889,0.5188823529411765,0.5104699981844589,0.4189999999999998,0.423,0.42000186092955694,,,,18.993529411764698,19.009,18.999049927378362,452.0,460.0,456.94444444444446,,,,,,,2022-10-15 00:00:00+00:00,Well-45,NIN
18.94117647058824,19.0,18.998366013071898,4171.5,4179.917647058824,4175.053093795388,49.95,50.0,49.97612336601307,253.81666666666672,258.41764705882355,255.23420479302837,230.9588235294117,231.12352941176468,231.06429852033398,263.4555555555555,263.7705882352941,263.60470168391424,0.1,0.2999999999999999,0.212282702432825,0.5061666666666667,0.5278823529411766,0.5133735191993465,0.4189999999999998,0.4260000000000001,0.4208886449255627,,,,18.995000000000005,19.015882352941176,19.0020278231663,452.0,464.0,457.07407407407413,,,,,,,2022-10-16 00:00:00+00:00,Well-45,NIN
18.94117647058824,19.0,18.995188816267248,4172.005882352942,4175.652941176471,4173.033377915616,49.952941176470574,50.0,49.97628680053893,248.46666666666664,253.9647058823529,251.23227816358025,231.0058823529412,231.1888888888889,231.0976855076826,263.4411764705883,263.7352941176471,263.5842045541413,0.10625,0.2999999999999999,0.21154105392156863,0.5056111111111111,0.5383888888888888,0.5152812209752322,0.4180000000000001,0.431,0.4218541876887207,,,,18.993764705882352,19.026388888888885,19.003924494933205,456.0,464.0,459.50925925925935,,,,,,,2022-10-17 00:00:00+00:00,Well-45,NIN
18.88235294117647,19.0,18.984783496732025,4171.866666666667,4174.694444444444,4173.349249387255,49.95,49.99444444444444,49.977834513435,248.07777777777767,249.12941176470585,248.55286288126365,230.82941176470592,231.14705882352945,231.04708492193174,263.45294117647063,263.7333333333333,263.5931156953522,0.1,0.261111111111111,0.19089960058097313,0.5064444444444445,0.5272352941176471,0.5140306032135076,0.4189999999999998,0.4260000000000001,0.42120660856935355,,,,18.994444444444444,19.01558823529412,19.00256364038671,456.0,464.0,459.72222222222223,,,,,,,2022-10-18 00:00:00+00:00,Well-45,NIN
18.58823529411765,19.0,18.879307925416995,4172.011111111112,4177.74375,4173.701930883093,49.952941176470574,50.0,49.9781845961319,243.95294117647057,248.6882352941176,247.61760835943744,230.9000000000001,231.1,230.98212106452917,263.35,263.6823529411764,263.52897840075224,0.1,0.2999999999999999,0.19898472476597476,0.5040555555555555,0.5131176470588236,0.5090751708327076,0.4180000000000001,0.4210000000000002,0.4196387139809627,,,,18.992941176470584,19.003357142857144,18.99767748225812,456.0,464.0,460.6388888888889,,,,,,,2022-10-19 00:00:00+00:00,Well-45,NIN
17.0,20.058823529411768,18.57119417211329,4046.661111111111,4305.576470588235,4157.709175177016,49.9470588235294,51.017647058823535,50.0815240332244,243.5882352941176,553.8333333333333,328.84264081790127,229.98888888888888,231.20000000000007,230.71255015432098,261.1058823529412,267.1529411764707,263.4757645697168,0.1944444444444445,0.2625,0.2014269017792302,0.5047058823529412,0.5436470588235295,0.5139575220134351,0.4180000000000001,0.43,0.4208392792302105,,,,18.99347058823529,19.033058823529405,19.0025258113199,452.0,464.0,459.02777777777777,,,,,,,2022-10-20 00:00:00+00:00,Well-45,NIN
18.54861111111111,20.0,19.266850490196077,708.7222222222223,4272.8625,4008.6238034449893,48.9736111111111,51.5,51.33337985657225,469.6812499999999,741.2588235294118,534.1638134304649,227.3823529411765,231.1125,230.67930623638344,227.9647058823529,267.20555555555563,264.157345565541,0.1166666666666667,0.2999999999999999,0.2077098084604212,0.5108333333333334,0.564,0.5215691380718955,0.4189999999999998,0.43,0.42166598583877984,,,,18.9995,19.05305555555556,19.01018644471678,452.0,464.0,457.8611111111111,,,,,,,2022-10-21 00:00:00+00:00,Well-45,NIN
17.125,22.0,19.270974037763253,749.7294117647058,4400.200000000002,3472.394477403497,39.925,52.82352941176471,50.03501278485041,696.8999999999999,922.31875,823.6209959202697,226.80000000000007,232.2411764705883,230.39639964621887,226.85882352941184,272.6058823529412,258.6071458635092,0.1,0.2999999999999999,0.19117835097001765,0.5031666666666665,0.5627647058823531,0.5269864562010702,0.4189999999999998,0.4290000000000001,0.42144206397836914,,,,18.991166666666672,19.05276470588236,19.015659932767623,448.0,460.0,456.2666666666667,,,,,,,2022-10-22 00:00:00+00:00,Well-45,NIN
18.0,22.0,20.494513661946257,1738.8529411764707,4345.052941176471,4006.02379663671,47.7375,52.5875,52.19624466684822,638.9444444444442,973.9882352941174,763.0335500635439,230.0777777777778,232.5588235294117,231.11346961238198,239.47777777777776,272.65294117647056,268.5264876089325,0.1,0.2999999999999999,0.20922918936092952,0.4981111111111112,0.5303529411764707,0.518910686728395,0.4189999999999998,0.4240000000000001,0.42113407770515615,,,,18.98611111111111,19.01941176470588,19.007473583877996,452.0,460.0,456.729365079365,,,,,,,2022-10-23 00:00:00+00:00,Well-45,NIN
18.05555555555556,22.0,20.89830700798838,3931.516666666667,4207.488235294118,4009.2859925634484,48.96666666666666,53.03529411764707,52.53730366476512,543.9176470588236,958.7470588235292,733.2225289232408,230.49375,232.48888888888888,231.10289931152772,262.7705882352942,273.3944444444444,270.8538933202423,0.1176470588235294,0.2999999999999999,0.21579520697167753,0.5057777777777778,0.542529411764706,0.5203803310615182,0.4189999999999998,0.43,0.4216009658797729,,,,18.99388888888889,19.030529411764704,19.008941777569948,452.0,460.0,456.7484126984127,,,,,,,2022-10-24 00:00:00+00:00,Well-45,NIN
20.0,21.0,20.259003948801745,3969.9,4189.864705882353,4042.40064224764,52.93529411764707,54.01764705882353,53.138832039760345,533.6470588235295,774.7176470588237,638.3997849718592,230.5,231.36470588235292,230.8337697440087,268.8176470588235,271.27058823529404,269.8445563271605,0.1833333333333333,0.2999999999999999,0.24253483569353662,0.5143529411764706,0.5465294117647059,0.5245926674836602,0.4189999999999998,0.4329999999999999,0.4228024407679738,,,,19.002352941176465,19.03452941176469,19.013130839233842,448.0,464.0,457.2444444444445,,,,,,,2022-10-25 00:00:00+00:00,Well-45,NIN
20.38888888888889,22.125,21.620449800290487,3794.3,4120.155555555555,3934.9689139660495,53.91249999999999,54.788235294117634,54.016090232389246,408.8352941176471,791.4166666666667,571.3927054965505,230.8176470588235,231.4352941176471,231.0964443763617,270.9352941176471,275.61875,273.5938112745098,0.1588235294117647,0.2999999999999999,0.21779003267973854,0.5156470588235296,0.5337058823529413,0.5233710171568627,0.42,0.4260000000000001,0.4219734023238925,,,,19.00364705882353,19.02283333333333,19.01190768541213,456.0,468.0,463.03888888888895,,,,,,,2022-10-26 00:00:00+00:00,Well-45,NIN
21.0,22.05555555555556,21.42004584241104,3940.6375,4024.023529411765,3975.9920298883435,54.93888888888888,55.01176470588234,54.961332607116915,341.0055555555556,405.7588235294119,356.95544185729847,231.3062500000001,231.6470588235294,231.45329679557005,272.8058823529412,274.3555555555556,273.49843477668844,0.16875,0.2999999999999999,0.20863913852578067,0.515,0.5466666666666667,0.5253264524328249,0.4189999999999998,0.4340000000000001,0.423411895197894,,,,19.00358823529412,19.035882352941176,19.013848431826435,448.0,468.0,461.8166666666666,,,,,,,2022-10-27 00:00:00+00:00,Well-45,NIN
5.0,21.61111111111111,20.626806115854105,346.89375,4024.2470588235296,3785.150959447741,6.5,55.04117647058823,53.40495177306258,335.5117647058823,413.19473684210527,354.1451953737148,226.92500000000007,231.8823529411765,231.33222157722736,228.43124999999992,274.2529411764706,270.2895858356744,0.1,0.2999999999999999,0.2162489787581699,0.452,0.5540624999999999,0.519610133346711,0.416,0.4258333333333335,0.4208104575163399,,,,18.94,19.042062500000004,19.008122587958187,444.0,488.0,462.87777777777774,,,,,,,2022-10-28 00:00:00+00:00,Well-45,SD
21.0,21.352941176470583,21.059566766521428,3980.8722222222223,4007.9941176470575,3997.0095429375456,54.93529411764707,54.99444444444444,54.95845815177922,334.9875,350.77222222222224,338.13883896151054,231.72222222222223,231.98888888888888,231.85852056100222,273.04705882352937,273.6294117647058,273.39957107843134,0.2,0.2999999999999999,0.2363153594771241,0.5187222222222223,0.5450000000000002,0.526748485157952,0.4210000000000002,0.431,0.4234378177196804,,,,19.007705882352944,19.03558823529412,19.015386267701526,452.0,468.0,460.9166666666667,,,,,,,2022-10-29 00:00:00+00:00,Well-45,NIN
21.0,21.277777777777786,21.040497912127815,4007.147058823529,4019.511111111111,4010.9998615649965,54.92941176470589,54.9888888888889,54.95846155591866,324.32941176470587,337.1294117647059,332.16291643972403,231.75294117647056,232.10588235294108,231.93694512527236,273.0111111111111,273.78333333333336,273.26707970225124,0.1529411764705882,0.2999999999999999,0.22867647058823526,0.5220555555555556,0.5431764705882353,0.5299156681190995,0.4219999999999999,0.43,0.42425785221496004,,,,19.01005555555556,19.031388888888888,19.018518200798844,456.0,472.0,461.0444444444444,,,,,,,2022-10-30 00:00:00+00:00,Well-45,NIN
21.0,21.294117647058822,21.114061365286855,3995.8777777777777,4018.082352941177,4007.9459780988423,54.93124999999999,54.99411764705882,54.965857407168514,271.8625,323.24705882352936,303.0939419158258,231.81250000000009,232.2,232.05292009469474,273.125,273.72941176470584,273.4211961727917,0.188235294117647,0.2999999999999999,0.22725978122730572,0.5197777777777779,0.5358823529411766,0.5272076689289263,0.4210000000000002,0.4260000000000001,0.4231964301924474,,,,19.00777777777777,19.026235294117647,19.015767105203437,460.0,476.0,467.98333333333335,,,,,,,2022-10-31 00:00:00+00:00,Well-45,SD
11.8,21.83333333333333,19.756937294898467,219.04,4039.577777777777,3290.7579264718615,23.55,54.99230769230769,50.64071295976029,201.42352941176472,373.6684210526316,270.39487750597686,226.4000000000001,232.42941176470592,230.49737141796854,226.6555555555555,274.67058823529413,261.7065196209032,0.1,0.3,0.1964512039352403,0.4862222222222222,0.5576666666666665,0.5238807779829582,0.4169999999999999,0.4320000000000001,0.4239571824723479,,,,18.976222222222223,19.04655555555556,19.012423293766165,460.0,480.0,467.77777777777777,,,,,,,2022-11-01 00:00:00+00:00,Well-45,NIN
18.0,18.894736842105264,18.057781384971143,307.6823529411765,4058.644444444445,3875.008153617031,46.24117647058824,48.99444444444444,48.881068236870775,222.8882352941176,350.40000000000015,278.0503097739739,226.83125000000007,230.5941176470588,230.26591120017252,227.49375000000003,262.764705882353,260.4980874817143,0.1,0.2999999999999999,0.2023418090433054,0.468235294117647,0.5406875000000001,0.5034325726846205,0.4169999999999999,0.4245294117647061,0.41987548483198,,,,18.956235294117647,19.031749999999995,18.991988144229317,460.0,468.0,464.4166666666667,,,,,,,2022-11-02 00:00:00+00:00,Well-45,SD
18.0,18.23529411764705,18.037922686881018,4026.693333333333,4061.505882352941,4034.6058520299143,48.9470588235294,49.0,48.9789035815537,283.06666666666666,330.8176470588235,301.9437738140128,230.5,230.6866666666666,230.5419264286911,261.9823529411765,262.27777777777777,262.1083383248242,0.1,0.2999999999999999,0.20214822396194945,0.4930000000000001,0.5046470588235294,0.49813255263822065,0.4189999999999998,0.422,0.4206728473618792,,,,18.981,18.99453333333333,18.98667468226785,460.0,468.0,462.25,,,,,,,2022-11-03 00:00:00+00:00,Well-45,NIN
18.0,18.11764705882353,18.026467184095864,4032.5117647058814,4035.405882352941,4034.3588207250496,48.9470588235294,49.0,48.975145113601,282.0055555555556,284.2235294117646,283.2149890257029,230.46470588235297,230.6466666666666,230.51235514576203,262.0055555555556,262.311111111111,262.1162913683992,0.1,0.2999999999999999,0.201463779956427,0.4950000000000001,0.5202941176470589,0.5038704716840441,0.42,0.4270000000000002,0.42239881195533774,,,,18.98376470588235,19.0084375,18.992497205363627,456.0,468.0,462.3888888888889,,,,,,,2022-11-04 00:00:00+00:00,Well-45,NIN
18.0,18.11764705882353,18.023495981369756,4024.694444444445,4035.6166666666654,4030.5976149638986,48.95882352941175,49.0,48.97764994797777,272.57222222222225,282.37222222222226,279.80195100832356,230.4882352941177,230.6222222222221,230.5222700111027,262.0222222222222,262.37777777777785,262.2354891137366,0.1,0.2999999999999999,0.19319796205519243,0.4971176470588236,0.528923076923077,0.5075983835574829,0.42,0.4320000000000001,0.4236001554557008,,,,18.98594444444445,19.0185625,18.99620931311449,464.0,472.0,465.1851851851852,,,,,,,2022-11-05 00:00:00+00:00,Well-45,NIN
18.0,18.166666666666668,18.02165600036311,4025.6277777777777,4043.85,4034.455257125999,48.952941176470574,49.0,48.97581131989833,270.65294117647056,285.8764705882353,274.9793209876543,230.4611111111111,230.6222222222221,230.51302253540305,261.91875000000005,262.3529411764706,262.1066165123457,0.1,0.2999999999999999,0.21187250363108207,0.4994117647058824,0.5308823529411765,0.5105566902687001,0.4210000000000002,0.4329999999999999,0.42446636710239655,,,,18.98741176470588,19.021235294117645,18.999222193854393,456.0,468.0,461.84259259259255,,,,,,,2022-11-06 00:00:00+00:00,Well-45,NIN
18.0,19.0,18.09528605245517,4020.6625,4039.258823529413,4030.8219796118233,48.94666666666666,49.8611111111111,49.099368346997665,243.85000000000005,287.05294117647065,276.63771565659744,230.4882352941177,230.9,230.57714106404669,261.94444444444446,264.06666666666666,262.29738198110437,0.1,0.2470588235294117,0.1933226233869616,0.4998000000000001,0.5323888888888888,0.5121452183188091,0.4219999999999999,0.4320000000000001,0.42539827034802524,,,,18.9878,19.023,19.000890285371625,456.0,468.0,462.3888888888889,,,,,,,2022-11-07 00:00:00+00:00,Well-45,NIN
18.0,19.0,18.183318582062455,4018.105882352941,4038.799999999999,4028.1485027460058,48.95882352941175,49.9888888888889,49.17138991013072,209.8388888888889,272.02941176470586,246.5176357116921,230.41666666666669,230.92222222222225,230.56225376724765,261.95000000000005,264.1647058823529,262.4999080882353,0.1235294117647059,0.2999999999999999,0.21260949981844587,0.5032222222222222,0.5276470588235296,0.5126306338507625,0.4219999999999999,0.431,0.42511029411764706,,,,18.99122222222222,19.017444444444443,19.00126635688998,460.0,468.0,464.40740740740733,,,,,,,2022-11-08 00:00:00+00:00,Well-45,NIN
18.0,18.11764705882353,18.019931236383442,4027.376470588235,4032.635294117648,4030.589962181632,48.94999999999999,49.0,48.97637713650275,269.40000000000003,272.9777777777778,271.1752980243023,230.4875,230.67647058823525,230.53634619125427,261.99411764705883,262.42352941176483,262.1888728732233,0.1235294117647059,0.2999999999999999,0.20158632897603482,0.5012777777777777,0.5206666666666666,0.5088369806255836,0.4219999999999999,0.4290000000000001,0.4240086692084241,,,,18.989277777777765,19.0105,18.997428966146643,456.0,472.0,464.67592592592587,,,,,,,2022-11-09 00:00:00+00:00,Well-45,NIN
18.0,18.23529411764705,18.019250408496735,4031.527777777778,4041.605882352941,4036.755147058824,48.95,49.00588235294117,48.97759906045752,269.47777777777776,276.1705882352941,272.0517395152505,230.49375,230.6888888888888,230.53204032770515,262.04999999999995,262.35294117647067,262.1724020742556,0.1,0.2999999999999999,0.18987892610748,0.5015294117647059,0.5158823529411765,0.5070874239742192,0.4219999999999999,0.4260000000000001,0.42324164851125634,,,,18.990470588235297,19.004722222222227,18.995658093908858,456.8,464.0,461.22222222222223,,,,,,,2022-11-10 00:00:00+00:00,Well-45,NIN
18.0,18.125,18.02895508630803,4039.5,4042.576470588236,4040.7713957739525,48.94444444444444,49.01666666666666,48.97468609286382,276.2235294117648,278.3529411764706,277.27266153202737,230.49411764705883,230.66,230.55082164821619,262.09411764705885,262.49411764705883,262.31335332371066,0.1,0.2999999999999999,0.19040906408859837,0.4977058823529411,0.5317058823529411,0.5076470676630039,0.42,0.4329999999999999,0.42366354620551927,,,,18.985705882352946,19.02076470588236,18.996270400158394,456.0,464.0,459.77777777777777,,,,,,,2022-11-11 00:00:00+00:00,Well-45,NIN
18.0,18.11764705882353,18.016271786492375,4040.294117647058,4051.729411764705,4046.1935008169935,48.95882352941175,49.0,48.97815631808279,277.90000000000003,285.5176470588235,280.14072723765435,230.5,230.7,230.55482230392155,262.0235294117647,262.52941176470586,262.2992204520697,0.1,0.2999999999999999,0.1736663716412491,0.5016470588235293,0.5260555555555556,0.5114559118554829,0.4219999999999999,0.431,0.4250348527142338,,,,18.98988235294118,19.01476470588236,19.000128989651415,452.0,464.0,458.72222222222223,,,,,,,2022-11-12 00:00:00+00:00,Well-45,NIN
18.0,18.125,18.021270197893973,4026.375,4054.964705882353,4049.679774872913,48.94117647058823,49.0,48.97612688362382,283.85,291.85294117647067,288.1423276370734,230.5,230.7,230.58764002360203,261.94705882352946,262.2117647058824,262.0691034631445,0.1,0.2999999999999999,0.18924802559912854,0.5024705882352942,0.5276111111111113,0.5124755707607116,0.4219999999999999,0.4320000000000001,0.4255217013888889,,,,18.990470588235297,19.01711111111111,19.001009300108933,456.0,464.0,459.0912698412698,,,,,,,2022-11-13 00:00:00+00:00,Well-45,NIN
18.0,18.1875,18.043966730210606,4031.58,4105.511764705883,4062.7343596813716,48.952941176470574,49.4875,49.13852929829339,275.21176470588244,285.34666666666664,279.70094226579516,230.5,230.73749999999995,230.63470769789396,262.16111111111115,262.9000000000001,262.4896299700436,0.1,0.2999999999999999,0.19926413852578065,0.5010588235294118,0.5251874999999999,0.5107645197893973,0.4219999999999999,0.43,0.42473365105301375,,,,18.9898125,19.014625,18.999308484250182,452.0,464.0,459.60317460317464,,,,,,,2022-11-14 00:00:00+00:00,Well-45,NIN
18.0,18.352941176470583,18.077109431735657,4081.082352941177,4097.523529411765,4088.915553513072,49.455555555555534,49.68750000000001,49.570741421568634,256.40588235294115,280.77058823529416,264.86592796840955,230.6058823529412,230.87777777777785,230.74674904684096,262.80000000000007,263.18888888888887,262.9607519744009,0.1,0.2999999999999999,0.19494655501089322,0.5011176470588234,0.5173333333333333,0.5080271082970226,0.4210000000000002,0.4260000000000001,0.42334558823529406,,,,18.989222222222224,19.00570588235293,18.99658429216594,456.0,468.0,462.9166666666667,,,,,,,2022-11-15 00:00:00+00:00,Well-45,NIN
18.0,18.1875,18.05589029593319,4081.125000000002,4100.843749999999,4095.8453879584245,49.55294117647061,49.600000000000016,49.57801096132899,253.4823529411765,257.3375,255.2598884576979,230.6764705882352,230.85294117647064,230.7394176652142,262.7882352941177,263.11249999999995,262.89473379629635,0.1,0.2941176470588235,0.19465947258533042,0.5021764705882351,0.5165,0.5070460466594046,0.4210000000000002,0.4260000000000001,0.42286943423202605,,,,18.99017647058824,19.006,18.995711119054103,456.0,460.0,458.4166666666667,,,,,,,2022-11-16 00:00:00+00:00,Well-45,NIN
18.0,18.294117647058822,18.04928779260242,4081.3,4086.005555555556,4083.6778803123348,49.54285714285715,49.600000000000016,49.57419797877728,244.5588235294117,256.2882352941176,248.84967105860375,230.7,230.9,230.76790085576138,262.82352941176475,262.98,262.8939096319571,0.1,0.2999999999999999,0.18567852518687789,0.5025625,0.5183333333333333,0.5075138547280511,0.4210000000000002,0.4270000000000002,0.42291673961251164,,,,18.99063157894736,19.00676470588235,18.99619457546542,456.0,464.0,459.5,,,,,,,2022-11-17 00:00:00+00:00,Well-45,NIN
18.0,18.25,18.05665201265692,4085.147058823529,4087.7733333333335,4086.896104383884,49.54117647058825,49.59375000000002,49.57164087625792,243.9,244.8588235294117,244.1995847922502,230.7,230.87777777777785,230.77681819950203,262.7555555555556,262.98235294117643,262.85086643453684,0.1,0.2058823529411765,0.18105766612200436,0.4999999999999999,0.5296470588235294,0.5101384534832453,0.4210000000000002,0.4329999999999999,0.42425592433732756,,,,18.988000000000003,19.019588235294112,18.99873393197557,452.0,464.0,458.0833333333333,,,,,,,2022-11-18 00:00:00+00:00,Well-45,NIN
18.0,18.1875,18.053156771968045,4086.535294117648,4093.2823529411767,4089.604802900327,49.55555555555557,49.600000000000016,49.574659472585346,244.84117647058827,248.26111111111112,246.4438774282861,230.68749999999991,230.8882352941177,230.78612155047207,262.6823529411765,262.8882352941177,262.78670592774154,0.1,0.2999999999999999,0.1969045025417574,0.4997647058823529,0.5214117647058824,0.5080816516884531,0.4210000000000002,0.4290000000000001,0.4236501338961511,,,,18.987823529411767,19.0105,18.996515781590418,456.0,464.0,459.3333333333333,,,,,,,2022-11-19 00:00:00+00:00,Well-45,NIN
18.0,18.125,18.03308369644154,4092.170588235294,4103.805882352941,4097.622654995844,49.54705882352943,49.600000000000016,49.57373251944541,248.4058823529412,252.6823529411764,250.3925011526297,230.66470588235288,230.88888888888889,230.78229170249972,262.6,262.8500000000001,262.7378649058308,0.1,0.2999999999999999,0.18792892156862742,0.5014705882352941,0.521375,0.5087254618282498,0.4219999999999999,0.428,0.4238463405501089,,,,18.99076470588236,19.01029411764706,18.997274016203708,460.0,468.0,462.4166666666667,,,,,,,2022-11-20 00:00:00+00:00,Well-45,NIN
18.0,18.176470588235293,18.037304829339142,4100.583333333333,4105.217647058824,4102.654748434095,49.54117647058825,49.59444444444446,49.57376668028323,252.74705882352944,254.57058823529405,253.68927037944806,230.7,230.9000000000001,230.7878351942629,261.99375,262.8176470588236,262.5233687363835,0.1,0.2999999999999999,0.19084173021060274,0.5016470588235294,0.5255882352941177,0.5108468466321714,0.4219999999999999,0.431,0.4248286424291938,,,,18.98964705882353,19.013941176470585,18.999431218228032,452.0,464.0,458.05555555555554,,,,,,,2022-11-21 00:00:00+00:00,Well-45,NIN
18.0,18.125,18.038302242193176,4083.0,4101.759999999998,4095.2574866103846,49.54705882352943,49.59444444444446,49.57363040123457,248.44117647058823,254.725,252.43586272240378,230.7,230.9000000000001,230.80536787400146,262.49411764705883,262.9777777777778,262.7997281227306,0.1,0.2999999999999999,0.1968681917211329,0.5008888888888889,0.5260000000000001,0.5114501565904139,0.4219999999999999,0.431,0.4251020901416122,,,,18.98888888888889,19.016117647058824,19.000006790123457,452.0,460.0,457.26984126984127,,,,,,,2022-11-22 00:00:00+00:00,Well-45,NIN
18.0,18.166666666666668,18.04214891975309,4088.425,4090.531250000002,4089.5741154911034,49.53888888888889,49.600000000000016,49.573596700254186,245.4058823529412,248.51176470588243,247.35756059368194,230.72352941176467,230.9000000000001,230.83607366557737,262.7941176470589,263.0117647058824,262.8741033496733,0.1,0.2999999999999999,0.19156533678286125,0.50175,0.5124375000000001,0.5046171784222948,0.4219999999999999,0.4249999999999999,0.42247251157407395,,,,18.989625,19.0004375,18.99319058868918,456.0,468.0,459.98015873015873,,,,,,,2022-11-23 00:00:00+00:00,Well-45,NIN
18.0,18.1875,18.033315177923022,4089.783333333333,4108.758823529412,4098.828399301316,49.54705882352943,49.59411764705884,49.57506291423265,244.8,254.4058823529412,247.71950406676206,230.7,230.9000000000001,230.82748388707336,262.7411764705883,263.0375,262.8867239310255,0.1,0.2722222222222222,0.20020992193173565,0.5008235294117647,0.5251764705882354,0.5075502795758617,0.4219999999999999,0.431,0.42381122999413434,,,,18.98882352941176,19.01317647058823,18.996228208270487,456.0,464.0,460.3611111111111,,,,,,,2022-11-24 00:00:00+00:00,Well-45,NIN
18.0,18.133333333333333,18.037818979087362,4106.026666666667,4108.499999999999,4107.040748612658,49.55294117647061,49.600000000000016,49.57679095267025,254.5611111111112,258.25625,256.95352356861554,230.7333333333333,230.95,230.85393025978203,262.73750000000007,262.9125,262.828623647821,0.1,0.2874999999999999,0.18247509741075918,0.5008823529411766,0.5200588235294118,0.5073249741634547,0.4210000000000002,0.428,0.4236086714778503,,,,18.98888235294118,19.009000000000004,18.99575138834024,452.0,464.0,456.98015873015873,,,,,,,2022-11-25 00:00:00+00:00,Well-45,NIN
18.0,18.176470588235293,18.03031499636892,4104.729411764706,4107.683333333333,4106.5842662944815,49.54705882352943,49.611764705882365,49.57478406408861,253.54117647058823,258.32352941176464,255.8996414306463,230.75882352941173,230.91250000000005,230.88731458787223,262.7111111111111,262.92941176470595,262.8230882352942,0.1,0.2941176470588234,0.20357434640522876,0.4967222222222222,0.5296470588235294,0.5067114435820624,0.4210000000000002,0.4320000000000001,0.42375100422113293,,,,18.984722222222214,19.01764705882353,18.995223284313724,456.0,464.0,460.60317460317464,,,,,,,2022-11-26 00:00:00+00:00,Well-45,NIN
18.0,18.166666666666668,18.029675018155412,4098.258823529412,4106.1,4101.4175138435,49.54375,49.600000000000016,49.572835307734216,257.77222222222224,262.4125,261.3687990196079,230.8,230.9555555555556,230.88820874183017,262.65000000000003,262.8375000000001,262.7731261347132,0.1,0.288235294117647,0.17655682643427742,0.5009375,0.5203333333333332,0.508052191131082,0.4219999999999999,0.428,0.4241030092592592,,,,18.989823529411765,19.010875,18.996628881853667,456.0,468.0,460.8611111111111,,,,,,,2022-11-27 00:00:00+00:00,Well-45,NIN
18.0,18.23529411764705,18.029984794843863,4092.23125,4099.246666666667,4095.9051502360203,49.54117647058825,49.59411764705884,49.57487631626726,256.2823529411765,261.54999999999995,259.4471934005084,230.79411764705884,231.0058823529412,230.8917492737836,262.65,262.90000000000003,262.79655444353676,0.1,0.2705882352941176,0.19967320261437907,0.4955000000000001,0.5305882352941177,0.5074202035675381,0.42,0.4349999999999998,0.4242218137254903,,,,18.984466666666663,19.02029411764705,18.996085105755263,460.0,464.0,461.5833333333333,,,,,,,2022-11-28 00:00:00+00:00,Well-45,NIN
18.0,18.176470588235293,18.032154366376183,4094.38,4102.775,4098.69489719499,49.5375,49.59411764705884,49.573009259259265,256.135294117647,256.91333333333336,256.5418381218228,230.79411764705884,230.94705882352943,230.8898284313726,262.6222222222221,262.9352941176471,262.80743282498196,0.1,0.20625,0.16987903957879447,0.5001176470588234,0.5254375,0.5095505855119825,0.4219999999999999,0.4320000000000001,0.4249635927287582,,,,18.9885,19.01488235294117,18.998176082516338,456.0,468.0,460.80555555555554,,,,,,,2022-11-29 00:00:00+00:00,Well-45,NIN
18.0,18.294117647058822,18.04397013435004,4038.7055555555535,4103.470588235295,4056.4370115059914,49.54117647058825,49.59444444444446,49.5709201388889,220.8647058823529,257.0764705882352,238.64857536764703,230.74705882352936,231.0,230.8964097676108,262.6588235294118,263.0647058823529,262.8966236610385,0.1,0.2999999999999999,0.2060650417574437,0.4996470588235294,0.5278333333333333,0.510504357298475,0.4219999999999999,0.4329999999999999,0.4253759247912127,,,,18.989117647058823,19.015833333333337,18.99914783042847,456.0,464.0,460.94444444444446,,,,,,,2022-11-30 00:00:00+00:00,Well-45,NIN
18.0,18.294117647058822,18.065342456427018,4040.561111111111,4053.358823529411,4046.1708157452795,49.27647058823528,49.59411764705884,49.48904037309368,212.04375,224.06470588235285,217.81583038307917,230.7,230.91250000000005,230.8470747095135,262.6117647058824,263.02941176470586,262.8311921296297,0.1,0.2999999999999999,0.20318116830065358,0.4981176470588236,0.5213529411764707,0.5083605891430647,0.4210000000000002,0.4290000000000001,0.42447937091503274,,,,18.98611764705882,19.009941176470583,18.996951751997095,456.0,464.0,460.0833333333333,,,,,,,2022-12-01 00:00:00+00:00,Well-45,NIN
18.0,18.23529411764705,18.08244825708061,4043.7117647058826,4050.4,4046.5531390704436,49.45,49.49411764705882,49.472195556463326,219.8111111111111,224.0529411764706,221.6369857480029,230.75882352941173,230.9125,230.87933188090054,262.6777777777778,262.88235294117646,262.7882756899056,0.1,0.2999999999999999,0.1995387391067538,0.4991764705882352,0.5218,0.5076209207062455,0.4219999999999999,0.43,0.42432028867102395,,,,18.98717647058824,19.011562500000004,18.996212723538495,452.0,468.0,459.44444444444446,,,,,,,2022-12-02 00:00:00+00:00,Well-45,NIN
18.0,18.294117647058822,18.071867057007992,4046.305882352942,4065.770588235295,4053.5581567719687,49.35882352941176,49.49411764705882,49.43381411129266,220.14705882352936,232.3882352941177,223.15636585421205,230.71111111111105,230.9000000000001,230.8651518246188,262.44705882352946,262.8705882352942,262.69967138707335,0.1235294117647058,0.2999999999999999,0.22001168754538847,0.4961176470588235,0.5244705882352941,0.5045103065994917,0.42,0.431,0.42335998207153236,,,,18.984117647058827,19.013777777777783,18.993080670161582,456.0,468.0,461.30555555555554,,,,,,,2022-12-03 00:00:00+00:00,Well-45,NIN
18.0,18.176470588235293,18.055442084241104,4065.3722222222223,4070.6266666666656,4067.4974415622733,49.341176470588216,49.39444444444442,49.37205666757443,232.6777777777777,246.42941176470592,241.62213813997823,230.7333333333333,230.9000000000001,230.86486587690635,262.5111111111111,262.77222222222224,262.64795933188094,0.1,0.2999999999999999,0.20936898602033405,0.4942352941176471,0.5213124999999998,0.5053913988743646,0.4210000000000002,0.43,0.42391058460421216,,,,18.98317647058824,19.0115,18.99400782044299,452.0,464.0,457.962962962963,,,,,,,2022-12-04 00:00:00+00:00,Well-45,NIN
18.0,18.22222222222221,18.04697145061728,4065.147058823529,4066.7352941176473,4065.8553155637255,49.34374999999998,49.39444444444442,49.372938226216405,246.65,248.55294117647057,247.6968137254902,230.77058823529407,230.93750000000003,230.87275440268706,262.53333333333336,262.81764705882364,262.65071657135076,0.1388888888888889,0.2999999999999999,0.216292211328976,0.4951875000000001,0.525375,0.5057385450708061,0.42,0.4320000000000001,0.42396238425925925,,,,18.983411764705888,19.013388888888887,18.9943469612382,452.0,462.66666666666674,457.50925925925924,,,,,,,2022-12-05 00:00:00+00:00,Well-45,NIN
18.0,18.294117647058822,18.05543163490468,4063.9222222222215,4065.829411764706,4064.7393069134705,49.34999999999999,49.38888888888889,49.37243141968325,248.0588235294117,249.31333333333336,248.67145233307,230.78235294117644,230.94705882352943,230.8912803853736,262.4888888888888,262.75625,262.62834430139577,0.1,0.2944444444444443,0.19113195741259464,0.4970624999999999,0.5183333333333333,0.5048871445978675,0.4210000000000002,0.428,0.42365795120932986,,,,18.985785714285715,19.006714285714285,18.99352500072322,452.0,463.33333333333326,458.4117647058824,,,,,,,2022-12-06 00:00:00+00:00,Well-45,NIN
18.0,18.23529411764705,18.07001747458243,4052.135294117647,4064.722222222222,4059.4239203204424,49.352941176470566,49.39411764705881,49.37264149872911,245.14117647058828,248.7411764705882,247.237684390886,230.81764705882347,230.92352941176483,230.88690654502545,262.55294117647054,262.7764705882354,262.65311705700805,0.15,0.2999999999999999,0.22095701706608567,0.4968823529411766,0.5174117647058825,0.5019092002541758,0.4210000000000002,0.428,0.422575935003631,,,,18.98576470588236,19.005411764705887,18.99053820011801,452.0,468.0,459.9351851851852,,,,,,,2022-12-07 00:00:00+00:00,Well-45,NIN
18.0,18.22222222222221,18.058983523965143,4051.4941176470575,4066.861111111111,4058.2370894607843,49.34999999999999,49.399999999999984,49.37579770334058,242.07777777777767,245.77647058823533,243.51544934640526,230.8,230.95882352941183,230.89644153957886,262.4888888888889,262.75000000000006,262.6187377450981,0.1055555555555555,0.2999999999999999,0.2241449936456064,0.4941666666666668,0.5273529411764707,0.5044558766793755,0.42,0.431,0.4236938090050836,,,,18.98283333333333,19.01535294117648,18.99305514138526,456.0,466.66666666666674,460.20370370370375,,,,,,,2022-12-08 00:00:00+00:00,Well-45,NIN
18.0,18.22222222222221,18.05214120370371,4052.723529411764,4065.117647058824,4060.816698104193,49.3470588235294,49.38888888888889,49.37233080829797,244.9470588235293,247.3055555555556,246.442547861006,230.7875,230.9588235294118,230.89025735294126,262.42222222222216,262.71250000000003,262.56313632324276,0.2,0.2999999999999999,0.233778140885984,0.4993333333333334,0.5173125,0.506120252419925,0.4210000000000002,0.428,0.423897087191358,,,,18.98733333333333,19.006352941176463,18.99480538654302,452.0,464.0,459.19444444444446,,,,,,,2022-12-09 00:00:00+00:00,Well-45,NIN
18.0,18.23529411764705,18.05894267429194,4060.0882352941176,4066.01875,4063.7721331472403,49.341176470588216,49.39411764705881,49.3727419208424,247.02941176470583,251.3117647058824,249.2209524782135,230.75882352941173,230.9588235294117,230.88553467683374,262.42352941176466,262.6352941176471,262.5327534949165,0.1,0.2999999999999999,0.21449085421205513,0.4986470588235293,0.5086111111111111,0.5029256649419026,0.4219999999999999,0.4249999999999999,0.42287450072621635,,,,18.986647058823536,18.998166666666663,18.991508828068262,456.0,468.0,462.3333333333333,,,,,,,2022-12-10 00:00:00+00:00,Well-45,NIN
16.166666666666668,20.0,18.077750442282177,265.5,4096.676470588236,3586.783686283487,41.4,49.98235294117647,48.81810366770312,246.8,434.93157894736834,273.0421043951319,226.4,231.01111111111112,230.29724542124546,226.865,264.25882352941176,258.2399204081093,0.1,0.2999999999999999,0.20955718954248362,0.463,0.544611111111111,0.5036592429839682,0.4139999999999999,0.4270000000000002,0.42133012640953815,,,,18.95266666666668,19.03261111111112,18.992366600815767,460.0,488.0,465.1582417582418,,,,,,,2022-12-11 00:00:00+00:00,Well-45,SD
19.0,19.0,19.0,4011.391666666667,4138.411764705882,4049.700843207897,49.93749999999999,50.0,49.973864664043,210.3352941176471,403.7555555555555,281.2421179139297,230.7777777777777,231.34375000000009,231.17356363317745,260.85882352941184,263.9777777777778,261.37334868779385,0.1,0.2166666666666666,0.19203794480755262,0.4947647058823529,0.5305882352941177,0.5054587189139789,0.4169999999999999,0.4290000000000001,0.42039688521241836,,,,18.98276470588236,19.01858823529412,18.994019627372147,460.0,468.0,462.5,,,,,,,2022-12-12 00:00:00+00:00,Well-45,NIN
12.333333333333336,19.0,18.083722864145656,235.1625,4063.822222222223,3852.8224237634868,30.266666666666666,49.99411764705882,48.92309397370058,200.7058823529412,275.00666666666666,243.33413064762942,226.575,231.1117647058823,230.73973425018156,227.49375000000003,261.64117647058816,258.98801621342983,0.1,0.2722222222222222,0.1897677242193173,0.4969411764705883,0.5479444444444445,0.5075339630991286,0.4180000000000001,0.4240000000000001,0.42007148692810453,,,,18.984941176470585,19.03594444444445,18.996066204838417,456.0,464.0,461.3333333333333,,,,,,,2022-12-13 00:00:00+00:00,Well-45,NIN
18.0,18.22222222222221,18.06651121096587,4035.8470588235296,4069.655555555554,4051.15052140069,49.3470588235294,49.399999999999984,49.37452001633986,237.2117647058824,256.6,242.52236008986927,230.8,231.0882352941176,230.92626180101675,260.4,260.6941176470588,260.5817197712418,0.1,0.2999999999999999,0.1918028322440087,0.496,0.5116111111111112,0.5021893892973855,0.4169999999999999,0.4219999999999999,0.418966480573711,,,,18.984,19.00172222222222,18.9907954849764,452.0,468.0,461.324074074074,,,,,,,2022-12-14 00:00:00+00:00,Well-45,NIN
18.0,18.23529411764705,18.0815813362382,4027.466666666666,4069.3055555555575,4053.6473991240014,49.34444444444443,49.38888888888889,49.3732318899782,257.64444444444445,318.8058823529412,287.7888987608933,230.77058823529413,231.0176470588236,230.89615264161225,260.5058823529412,261.19411764705893,260.8767317992012,0.1058823529411764,0.2999999999999999,0.1999818445896877,0.4965882352941177,0.5121666666666668,0.5023918992828613,0.4180000000000001,0.4219999999999999,0.4190302741466957,,,,18.98535294117647,19.001529411764707,18.990979876997095,452.0,464.0,456.23148148148147,,,,,,,2022-12-15 00:00:00+00:00,Well-45,NIN
18.11764705882353,19.0,18.888503086419753,4013.270588235295,4038.144444444444,4024.613307915759,49.34999999999999,49.9888888888889,49.88366183278867,232.31875,319.83333333333337,269.2201156272694,230.87777777777785,231.30000000000007,231.09333015613655,261.16666666666674,262.2235294117647,261.80507897603485,0.1,0.2999999999999999,0.19088031045751633,0.4988235294117647,0.5172941176470589,0.5052512765522876,0.4180000000000001,0.4240000000000001,0.419617964778504,,,,18.98764705882353,19.00770588235294,18.99386365854212,454.4,464.0,458.5,,,,,,,2022-12-16 00:00:00+00:00,Well-45,NIN
18.647058823529417,19.0,18.963844157302294,4027.394444444443,4062.566666666666,4044.440206410293,49.9470588235294,50.0,49.975770171616404,210.22941176470587,239.76470588235296,220.39954175505488,230.99411764705883,231.2111111111112,231.0942913776134,261.711111111111,261.95294117647063,261.85549649075034,0.1470588235294117,0.2999999999999999,0.2123462463689179,0.4975882352941176,0.5219999999999999,0.5073398125453886,0.4169999999999999,0.4260000000000001,0.4205025871459695,,,,18.98558823529412,19.0106875,18.99591438021968,452.0,464.0,460.1111111111111,,,,,,,2022-12-17 00:00:00+00:00,Well-45,NIN
18.647058823529417,19.0,18.906023057371097,4058.417647058823,4062.266666666667,4059.7407214506175,49.952941176470574,49.99444444444444,49.97628903413218,220.95,233.14117647058816,227.6924223856209,231.02941176470588,231.15882352941185,231.09700208787217,261.811111111111,262.05294117647054,261.96314168028323,0.1294117647058824,0.2999999999999999,0.2181610838779956,0.4968888888888889,0.5293888888888889,0.5078158133623821,0.4169999999999999,0.43,0.4206702920751634,,,,18.98488888888889,19.01823529411765,18.996285573257083,452.0,464.0,458.69999999999993,,,,,,,2022-12-18 00:00:00+00:00,Well-45,NIN
18.705882352941178,19.0,18.921889751270882,4057.093333333333,4058.94375,4058.4473608722246,49.95,49.99444444444444,49.97572959069105,233.34705882352944,237.575,235.5876659906165,231.0411764705882,231.2058823529412,231.09956427015246,261.95555555555563,262.1333333333333,262.0375525551351,0.1117647058823529,0.2999999999999999,0.2068181508714597,0.4972941176470588,0.5278235294117647,0.5076369730153271,0.4180000000000001,0.43,0.42105557824981843,,,,18.98529411764705,19.017705882352946,18.99620484588207,452.0,460.0,457.2722222222222,,,,,,,2022-12-19 00:00:00+00:00,Well-45,NIN
18.823529411764707,19.0,18.949543606428925,4057.55,4058.747058823529,4058.0994685899464,49.9470588235294,50.0,49.97535203067582,237.729411764706,239.229411764706,238.23347307965585,231.0529411764706,231.17058823529416,231.0997238108206,261.9705882352941,262.2555555555555,262.0770184106781,0.1111111111111111,0.2999999999999999,0.23071312114026896,0.4951764705882353,0.520470588235294,0.5062286749860763,0.4169999999999999,0.4260000000000001,0.4204592013888889,,,,18.98317647058824,19.010705882352944,18.994720991843376,452.0,464.0,458.22222222222223,,,,,,,2022-12-20 00:00:00+00:00,Well-45,NIN
18.764705882352946,19.0,18.97483092774147,4053.541176470588,4058.076470588236,4057.2725144981428,49.94999999999999,50.0,49.975078504692476,238.58235294117645,241.0388888888889,239.80041272135634,231.0176470588235,231.229411764706,231.10338825344948,261.99375,262.2235294117647,262.09817115663924,0.1352941176470588,0.2999999999999999,0.22778748393944465,0.4967058823529412,0.5243529411764706,0.5068556454597508,0.4180000000000001,0.4270000000000002,0.4208248626997094,,,,18.98470588235294,19.01235294117648,18.995471051460115,456.0,468.0,462.8388888888888,,,,,,,2022-12-21 00:00:00+00:00,Well-45,NIN
18.83333333333333,19.0,18.98487994734931,4049.533333333333,4053.7941176470586,4052.562295231202,49.952941176470574,49.99444444444444,49.974592275384815,228.0941176470588,239.4529411764706,233.64251152885623,231.03333333333336,231.2058823529412,231.11337546105182,261.9888888888889,262.21111111111105,262.11577325923054,0.1666666666666667,0.2999999999999999,0.21775145243282495,0.4971176470588234,0.5208235294117648,0.5062722663139331,0.4169999999999999,0.4260000000000001,0.4205689451706609,,,,18.98576470588236,19.010529411764697,18.994788424629107,458.4,468.0,462.38333333333344,,,,,,,2022-12-22 00:00:00+00:00,Well-45,NIN
18.823529411764707,19.0,18.97662490922295,4052.917647058823,4058.811111111112,4055.119830133442,49.93999999999999,49.99411764705882,49.97458197167756,228.4647058823529,234.36470588235292,231.47035947712416,231.07647058823525,231.24117647058827,231.11885643609295,262.0333333333333,262.2444444444444,262.12745949074065,0.1611111111111111,0.2999999999999999,0.23753143155410308,0.4984705882352941,0.5162352941176471,0.5038555135711692,0.4180000000000001,0.4240000000000001,0.41953181735657225,,,,18.98688235294118,19.00482352941177,18.992404073620193,452.0,468.0,460.69444444444446,,,,,,,2022-12-23 00:00:00+00:00,Well-45,NIN
18.88235294117647,19.0,18.984647331154683,4045.323529411765,4054.605882352941,4051.9557053376902,49.94999999999999,50.00588235294118,49.9765091684822,230.2111111111112,235.0882352941176,233.4456750408497,231.0882352941176,231.27647058823536,231.14038784495278,262.04999999999995,262.28235294117644,262.1499920570079,0.1888888888888889,0.2999999999999999,0.2268291575889615,0.4955882352941177,0.5289444444444444,0.5061765103031954,0.4169999999999999,0.4290000000000001,0.4206040191539579,,,,18.98511111111112,19.01694444444444,18.994787950481122,456.0,468.0,463.19999999999993,,,,,,,2022-12-24 00:00:00+00:00,Well-45,NIN
18.823529411764707,19.0,18.98411401597676,4051.9470588235295,4054.08888888889,4052.8694503449533,49.94375,49.99444444444444,49.9753399600581,228.94117647058823,231.42500000000004,230.4650745506536,231.08888888888885,231.28888888888892,231.1567658405955,262.0411764705882,262.3058823529412,262.17734908315174,0.188235294117647,0.2999999999999999,0.2132007988380537,0.4956250000000001,0.5190588235294118,0.5045068922476399,0.4169999999999999,0.4249999999999999,0.4201527494099492,,,,18.983625,19.009,18.993116375045393,456.0,464.0,459.93888888888887,,,,,,,2022-12-25 00:00:00+00:00,Well-45,NIN
18.8,19.0,18.956320551724964,4053.7176470588233,4061.3777777777777,4057.329884515734,49.952941176470574,49.99411764705882,49.973168023150926,229.05294117647057,237.86470588235292,231.9741009242485,231.06470588235285,231.30000000000007,231.14850656786928,262.0352941176471,262.29411764705884,262.16738530255213,0.1058823529411764,0.3235294117647059,0.21538251180101667,0.4984117647058823,0.5217058823529412,0.506153601758686,0.4180000000000001,0.4260000000000001,0.4206018160273368,,,,18.98641176470588,19.00970588235294,18.99465078688452,460.0,468.0,461.6388888888889,,,,,,,2022-12-26 00:00:00+00:00,Well-45,NIN
18.84210526315789,19.0,18.96802647106601,4055.255555555556,4060.36875,4057.419560871986,49.9470588235294,49.99411764705882,49.97506551475366,238.04705882352937,240.57058823529408,239.6149160133108,231.0882352941176,231.27777777777783,231.15979693412453,262.03888888888883,262.2875,262.15493364316967,0.1411764705882353,0.2999999999999999,0.2214284605167603,0.4921176470588236,0.5277222222222223,0.5044357352224516,0.4169999999999999,0.43,0.420526177832244,,,,18.980117647058822,19.017222222222227,18.992972193555786,456.0,464.0,459.39444444444445,,,,,,,2022-12-27 00:00:00+00:00,Well-45,NIN
18.823529411764707,19.0,18.967706063907045,4055.33888888889,4059.635294117648,4057.0051725898697,49.9470588235294,50.0,49.975618986020336,237.08888888888885,240.0647058823529,238.37071305374002,231.1,231.27647058823536,231.17211555918664,262.00625,262.27058823529404,262.1347727169571,0.1176470588235294,0.2999999999999999,0.21187250363108204,0.4908333333333333,0.5288333333333335,0.5049255684912854,0.4169999999999999,0.43,0.420886596768337,,,,18.978833333333327,19.016833333333327,18.993554273329703,458.4,464.0,461.67037037037034,,,,,,,2022-12-28 00:00:00+00:00,Well-45,NIN
18.88235294117647,19.0,18.96235111369109,4057.238888888889,4059.4777777777776,4058.503866475318,49.952941176470574,50.0,49.974866432318535,239.62777777777768,242.84117647058807,241.62011440297363,231.1,231.30000000000007,231.16023594866795,261.9611111111111,262.27058823529416,262.1349388329893,0.2,0.2999999999999999,0.2297856526870007,0.4935000000000001,0.5228333333333334,0.5054209296047855,0.4169999999999999,0.4270000000000002,0.42086148556644876,,,,18.9815,19.01083333333333,18.99400284185921,456.0,468.0,462.99074074074076,,,,,,,2022-12-29 00:00:00+00:00,Well-45,NIN
18.88235294117647,19.0,18.97857661583152,4057.4,4059.064705882353,4058.196479552469,49.9470588235294,49.99444444444444,49.97666519153958,242.4470588235293,243.8176470588236,243.13881059368194,231.1,231.28888888888892,231.16032929375453,261.93333333333334,262.25,262.07306134259255,0.1777777777777778,0.2999999999999999,0.2250209921931735,0.4942777777777777,0.5261666666666668,0.5059341412490923,0.4180000000000001,0.428,0.4209756263616558,,,,18.98227777777777,19.014166666666664,18.99426859227487,456.0,464.0,460.0833333333333,,,,,,,2022-12-30 00:00:00+00:00,Well-45,NIN
